Cupcakes,4811 E Grant Rd,Tucson,AZ,85712,(520) 795-1112
Beyond Bread,6260 E Speedway Blvd,Tucson,AZ,85712,(520) 747-7477
Frogs Organic Bakery,7109 N Oracle Rd,Tucson,AZ,85704,(520) 229-2124
Busy B's Bakery,6781 N Thornydale Rd Ste 229,Tucson,AZ,85741,(520) 531-1011
E &amp; L Southwest Cakes,3928 S 6th Ave,Tucson,AZ,85714,(520) 746-1150
Nadines Bakery,4553 E Broadway Blvd,Tucson,AZ,85711,(520) 326-0735
Maribelle Cakery &amp; Tatisserie,2930 N Swan Rd Ste 126,Tucson,AZ,85712,(520) 322-9294
La Baguette Bakery,1797 E Prince Rd,Tucson,AZ,85719,(520) 322-6297
Village Bakehouse,7882 N Oracle Rd,Tucson,AZ,85704,(520) 531-0977
La Baguette Parisienne,7851 E Broadway Blvd,Tucson,AZ,85710,(520) 296-1711
Norma's Cakery,2500 S 6th Ave,Tucson,AZ,85713,(520) 903-1407
Sweet Things Cupcake Shoppe,7475 N La Cholla Blvd,Tucson,AZ,85741,(520) 742-2253
Sweet Tooshies Bakery,8963 E Tanque Verde Rd,Tucson,AZ,85749,(520) 777-3395
Enchanted Cakes &amp; Cupcakes,10810 W Anthony Dr,Tucson,AZ,85743,(520) 392-4557
Cafe Jasper,6370 N Campbell Ave Ste 160,Tucson,AZ,85718,(520) 577-0326
Bagelry,2575 N Campbell Ave,Tucson,AZ,85719,(520) 881-6674
Something Sweet Dessert Lounge,5319 E Speedway Blvd,Tucson,AZ,85712,(520) 881-7735
Le-Delice,7245 E Tanque Verde Rd,Tucson,AZ,85715,(520) 290-9714
La Palma Tortilla Factory,3624 N Oracle Rd,Tucson,AZ,85705,(520) 293-6933
Cafe 54,54 E Pennington St,Tucson,AZ,85701,(520) 622-1907
Dunkin' Donuts,4676 E Grant Rd,Tucson,AZ,85712,(520) 795-7142
A J's,2805 E Skyline Dr,Tucson,AZ,85718,(520) 232-6340
Albertsons,7300 N La Cholla Blvd,Tucson,AZ,85741,(520) 575-0993
Sweet Things Cupcake Shoppe,4552 W Sun Quest St,Tucson,AZ,85741,(520) 742-2253
Tayna Restaurant &amp; Bakery,2526 E 6th St,Tucson,AZ,85716,(520) 398-6606
Perkins Restaurant &amp; Bakery,4775 E Grant Rd,Tucson,AZ,85712,(520) 322-6398
Prep &amp; Pastry,3073 N Campbell Ave,Tucson,AZ,85719,(520) 326-7737
Cakes By Clara,3419 N 1st Ave,Tucson,AZ,85719,(520) 292-8567
Bakehouse Bread,2550 N Dragoon St,Tucson,AZ,85745,(520) 792-6631
Super Duper Donuts,9572 E 29th St,Tucson,AZ,85748,(520) 733-3265
Cookie Wagon,6910 N Camino Martin,Tucson,AZ,85741,(520) 742-7626
Walmart - Bakery,8280 N Cortaro Rd,Tucson,AZ,85743,(520) 744-6012
Grass Roots, ,Tucson,AZ,85703,(520) 623-7240
La Estrella Bakery,5266 S 12th Ave,Tucson,AZ,85706,(520) 741-0656
Viro's Real Italian Bakery,8301 E 22nd St,Tucson,AZ,85710,(520) 885-4045
Gourmet Girls Gluten Free,5845 N Oracle Rd,Tucson,AZ,85704,(520) 408-9000
Le Cave's Bakery Inc,1219 S 6th Ave,Tucson,AZ,85713,(520) 624-2561
Marco's Patisserie Bakery,3308 E Grant Rd,Tucson,AZ,85716,(520) 292-8567
Holsum Bakery Outlet,2801 S 4th Ave,Tucson,AZ,85713,(520) 624-0514
Small Planet Bakery,411 N 7th Ave,Tucson,AZ,85705,(520) 884-9313
Bruegger's,5665 N Swan Rd,Tucson,AZ,85718,(520) 529-7424
Mimi's Fine Bakery &amp; Cafe,8517 E Ramona Madera Ln,Tucson,AZ,85747,(520) 979-2965
Coyote Pause Cafe,2740 S Kinney Rd,Tucson,AZ,85735,(520) 883-7297
Wholesale Bagels Inc,920 S Warren Ave,Tucson,AZ,85719,(520) 327-3711
Cafe Marcel,344 N 4th Ave,Tucson,AZ,85705,(520) 623-3700
Oroweat Baking Co,3770 S Park Ave,Tucson,AZ,85713,(520) 624-1099
Queen Donuts,1108 W Saint Marys Rd,Tucson,AZ,85745,(520) 884-1123
Sun Rise Baking Co,3650 N 1st Ave,Tucson,AZ,85719,(520) 293-0878
Cinnabon,4500 N Oracle Rd Ste 126,Tucson,AZ,85705,(520) 292-6400
B B Sweets,3026 N Campbell Ave,Tucson,AZ,85719,(520) 322-9965
Lena's Custom Desserts,1517 N Wilmot Rd,Tucson,AZ,85712,(520) 954-3216
Oroweat Baking Co,7535 E Broadway Blvd,Tucson,AZ,85710,(520) 751-1207
From The Heart Corp,150 S Camino Seco # 114,Tucson,AZ,85710,(520) 721-1444
Grammy Gram Arrangements,10117 E Buttonbush Ct,Tucson,AZ,85748,(520) 971-2160
Oroweat Baking Co,3840 W Ina Rd,Tucson,AZ,85741,(520) 579-0482
Tortilleria Dona Esperanza,2432 S 4th Ave,Tucson,AZ,85713,(520) 882-2846
Sons Bakery Cafe,5683 E Speedway Blvd,Tucson,AZ,85712,(520) 885-0806
Baker &amp; Baker,9041 E Seneca St,Tucson,AZ,85715,(520) 722-2758
Beyond Bread,421 W Ina Rd,Tucson,AZ,85704,(520) 461-1111
Liza's Cutie Cupcakes,2112 W Grant Rd,Tucson,AZ,85745,(520) 305-1321
Dunkin' Donuts,5346 E 22nd St,Tucson,AZ,85711,(520) 790-5892
Queen Donuts,1108 W Saint Marys Rd,Tucson,AZ,85745,(520) 884-1123
Sun Rise Baking Co,3650 N 1st Ave,Tucson,AZ,85719,(520) 293-0878
Albertsons,1350 N Silverbell Rd,Tucson,AZ,85745,(520) 623-7449
Cinnabon,4500 N Oracle Rd Ste 126,Tucson,AZ,85705,(520) 292-6400
Bruegger's,8140 S Houghton Rd,Tucson,AZ,85747,(520) 664-1600
B B Sweets,3026 N Campbell Ave,Tucson,AZ,85719,(520) 322-9965
Dunkin' Donuts,1655 W Valencia Rd,Tucson,AZ,85746,(520) 741-1926
Lena's Custom Desserts,1517 N Wilmot Rd,Tucson,AZ,85712,(520) 954-3216
Oroweat Baking Co,7535 E Broadway Blvd,Tucson,AZ,85710,(520) 751-1207
From The Heart Corp,150 S Camino Seco # 114,Tucson,AZ,85710,(520) 721-1444
Grammy Gram Arrangements,10117 E Buttonbush Ct,Tucson,AZ,85748,(520) 971-2160
Oroweat Baking Co,3840 W Ina Rd,Tucson,AZ,85741,(520) 579-0482
Cinnabon,5870 E Broadway Blvd # 360,Tucson,AZ,85711,(520) 790-7666
Bruegger's,11165 N La Canada Dr Ste 161,Tucson,AZ,85737,(520) 575-0651
Tortilleria Dona Esperanza,2432 S 4th Ave,Tucson,AZ,85713,(520) 882-2846
Sons Bakery Cafe,5683 E Speedway Blvd,Tucson,AZ,85712,(520) 885-0806
Baker &amp; Baker,9041 E Seneca St,Tucson,AZ,85715,(520) 722-2758
Beyond Bread,421 W Ina Rd,Tucson,AZ,85704,(520) 461-1111
Liza's Cutie Cupcakes,2112 W Grant Rd,Tucson,AZ,85745,(520) 305-1321
Bb Sweets Corporate,3957 E Speedway Blvd,Tucson,AZ,85712,(520) 881-5577
La Estrella Bakery Inc,100 S Avenida De La Vis,Tucson,AZ,85710,(520) 344-8463
Cinnabon,3270 E Valencia Rd,Tucson,AZ,85706,(520) 741-2333
El Triunfo Bakery,6348 S Nogales Hwy,Tucson,AZ,85706,(520) 573-1884
Walmart - Bakery,7635 N La Cholla Blvd,Tucson,AZ,85741,(520) 297-4470
Mona's Danish Bakery,4777 E Sunrise Dr,Tucson,AZ,85718,(520) 579-1959
Dolce Pastello,120 S Avenida Del Convento,Tucson,AZ,85745,(520) 207-6765
Conchita's Cakes,819 W Jacinto St,Tucson,AZ,85705,(520) 622-1096
Baker Center,2251 N Indian Ruins Rd,Tucson,AZ,85715,(520) 886-2898
Oroweat Baking Co Thrift Store,1110 W Prince Rd,Tucson,AZ,85705,(520) 888-6182
Marlbelle Cakery &amp; Patisserie, ,Tucson,AZ,85728,(520) 282-4936
Adult Erotic Cakes, ,Tucson,AZ,85716,(520) 322-9966
Beyond Bread,3026 N Campbell Ave,Tucson,AZ,85719,(520) 322-9965
Selah's Baked Blessings,3622 E 32nd St,Tucson,AZ,85713,(520) 437-2811
Old Country Baking Co,3770 S Park Ave,Tucson,AZ,85713,(520) 624-0820
Bread &amp; Butter Cafe,4231 E 22nd St # 101,Tucson,AZ,85711,(520) 327-0004
Bimbo Bakery,3770 S Park Ave,Tucson,AZ,85713,(520) 628-4366
Lena's Custom Dessert,2418 N Craycroft Rd,Tucson,AZ,85712,(520) 750-7280
El Rio Bakery,901 N Grande Ave,Tucson,AZ,85745,(520) 624-4996
Blissful Sweet Cakes,2110 E Hancock Vis,Tucson,AZ,85713,(520) 861-4577
Mini's Cupcakes,4695 N Oracle Rd,Tucson,AZ,85705,(520) 299-2605
Tucson Cakes,Serving the Tucson Area,,,,(520) 247-5440
